"term","coef(m$fe_robust)"
"ln_cti",0.583210437354217
"ln_gdpc",2.14227426135355
"crises",0.58175177949719
