"term","coef(m$fe_robust)"
"ln_cti",2.94197949260422
"ln_gdpc",0.277487008231356
"crises",-4.19411458664438
